val_acc, auc, val_acc_certain, auc_certain, batch_size, lstm_size, dense_size, regularization lstm, eta
0.522666666667,0.536473500306,0,0,512,919,424,0.03184672424465797,0.0020450620247092948
0.527666666667,0.534992308143,0,0,512,372,171,0.06970375259995738,0.0031633355090526115
0.526555555556,0.60041916266,0,0,128,490,765,0.09763746236315296,0.0013547069237785836
0.522666666667,0.500320349712,0,0,256,926,65,0.07024594651069559,0.0021558704926727848
0.522666666667,0.574942001795,0,0,256,524,1067,0.06264684197676702,0.002763841423703774
0.655555555556,0.708944540048,0.730518798321,0.760030460301,512,319,1381,0.07614074777483279,0.0007029796816586364
0.522666666667,0.5,0,0,256,876,287,0.05718274641441251,0.0028248007309295037
0.527,0.551643194231,0,0,256,469,1200,0.08157552079158203,0.0028250737811429754
0.645444444444,0.701951501911,0.716364360934,0.736446300741,256,69,495,0.08252353203043515,0.002327375430440209
0.657444444444,0.709743614334,0.72740404472,0.764849910541,512,168,283,0.023135016265750753,0.002041891524011797
0.522666666667,0.5,0,0,128,930,1082,0.09760475975017573,0.0024886495510708633
0.631111111111,0.711202105522,0.681355366413,0.712242932656,256,934,534,0.04525513159296532,0.0005945882471137106
0.658111111111,0.709162902387,0.727818946525,0.760150217342,512,187,225,0.06250937127422056,0.0014547681229333722
0.634444444444,0.69935322389,0.715265866277,0.73375354554,512,201,1416,0.06543890759533823,0.0028616630482162122
0.522666666667,0.5,0,0,32,429,1051,0.034872928742039656,0.0020410084886599063
0.522666666667,0.5,0,0,64,825,937,0.09500747117139734,0.002701469381441204
0.649555555556,0.714211945399,0.716801173925,0.747265673617,128,747,594,0.0026176222051289555,0.0013560082392369333
0.649222222222,0.706747988855,0.719248291662,0.757208406274,32,96,610,0.09507973718935159,0.0005566299362769985
0.522666666667,0.5,0,0,32,880,156,0.06724923724213767,0.001309881819709365
0.656555555556,0.710369579774,0.727732793619,0.76035152481,512,533,323,0.012215475637639318,0.001151761971879864
0.522666666667,0.5,0,0,128,879,529,0.007800094567771066,0.0031058807014130146
0.644,0.709870591335,0.700578845827,0.724686594277,512,241,1380,0.04108338007683772,0.0010244453066203202
0.611444444444,0.698741621299,0.651339141736,0.685117675566,32,283,1351,0.05187220252835172,0.0016351395988751134
0.645,0.703686450139,0.71624667085,0.760356265823,128,111,822,0.015496440620243935,0.002529421083654308
0.522666666667,0.5,0,0,128,746,1354,0.005527411159944873,0.003200634008642266
0.522666666667,0.517051957247,0,0,128,303,1405,0.06853788509692957,0.0034326008027428323
0.636666666667,0.707720877137,0.703577853318,0.743897201714,256,878,1007,0.08941737351926372,0.0009990860206072999
0.522666666667,0.5,0,0,64,458,637,0.06631272922139923,0.002172113003501507
0.522666666667,0.5,0,0,128,529,141,0.02663667983457481,0.003037901410696945
0.654555555556,0.711850969875,0.723789907189,0.763048992651,512,217,786,0.09383169715890137,0.000837213313408411
0.477333333333,0.511055250633,0.477333333333,0.511055250633,32,997,1275,0.002786333370766836,0.0031749796077589275
0.522666666667,0.503478160352,0.522666666667,0.503478160352,512,906,1214,0.008283051599436209,0.003361780689339059
0.522666666667,0.5,0,0,64,729,825,0.0018301803453061316,0.0030624289638655424
0.649888888889,0.703944969078,0.726887003819,0.743782702696,256,72,160,0.042038002717935535,0.0032369682339702817
0.656333333333,0.711809539051,0.73723723734,0.772271236295,64,602,1158,0.07917543944403808,0.000652675057247313
0.528888888889,0.676682707534,0.821561341392,0.56221719457,512,288,506,0.0678822697752483,0.0031118738371558674
0.522666666667,0.5,0,0,32,680,363,0.0761935995217579,0.0025172415586302874
0.522666666667,0.511178640014,0,0,64,279,1437,0.0736309000846798,0.002187506681034223
0.639555555556,0.712236243136,0.708953701852,0.706985124422,512,374,1292,0.00826734216942968,0.0014550190468632324
0.655444444444,0.712598716454,0.711752030558,0.751665055684,512,628,840,0.007604887522123172,0.0005591516809742885
0.641555555556,0.711904883142,0.692348377997,0.747357360944,128,884,1081,0.0629893128029889,0.0002113031334411308
0.522666666667,0.5,0,0,32,846,1380,0.03677037500070981,0.0015263586742927813
0.630555555556,0.71315733361,0.670826833148,0.706574366772,512,682,492,0.037854298865087746,0.0001956580525568608
0.522666666667,0.536233389567,0,0,512,560,521,0.0752511309562877,0.00242776980750627
0.617666666667,0.71259799893,0.672178988404,0.702545662556,64,840,351,0.009581069555944333,0.0017373833865237374
0.522666666667,0.5,0,0,128,822,1390,0.057590690664619165,0.0021485137902276024
0.653222222222,0.712097266164,0.712724014337,0.756744012745,32,585,801,0.016126464075977464,0.00030279138247609036
0.639444444444,0.700110756011,0.685296506944,0.715062052641,32,259,183,0.07438040801734824,0.0016929653876563415
0.522666666667,0.500116387337,0,0,32,580,1416,0.04719662876844175,0.0018239735153744029
0.522666666667,0.565016678226,0,0,512,607,1038,0.06688772707388484,0.002271628669583009
0.645888888889,0.710852052792,0.699053313423,0.737248514943,128,275,1145,0.0657646163891863,0.00011993392755282896
0.645444444444,0.711733951611,0.694601542447,0.744325233751,128,974,456,0.024243876793203056,0.0008335208860060035
0.522666666667,0.5,0,0,128,706,257,0.06314108001862588,0.003107191952095904
0.657,0.711523061418,0.721145135031,0.757591741292,32,61,818,0.06771126916752639,0.0002403995205468738
0.522666666667,0.5,0,0,32,570,125,0.054670344959506914,0.0019880921741351775
0.537666666667,0.573848470516,0,0,512,981,671,0.046052555036422575,0.0015877705377527395
0.645555555556,0.705093081664,0.736349453978,0.76930087871,512,173,1383,0.09626681817826388,0.0014612971358613184
0.655222222222,0.711412241078,0.723571018994,0.763070433558,64,271,1204,0.01984763865344631,0.000905026820105896
0.598444444444,0.675314636737,0.694600674916,0.707283223268,64,127,416,0.08518738141846544,0.003394182240421451
0.522666666667,0.5,0,0,32,731,379,0.05730073747079856,0.0011405449919581524
0.654777777778,0.710188070951,0.719930941739,0.762430682939,64,282,1485,0.026524070587703997,0.0008687328761175958
0.522666666667,0.5,0,0,64,286,369,0.0836410540248137,0.002367636980086113
0.657666666667,0.715150355417,0.721956406209,0.76103655507,128,852,300,0.022266818084805517,0.00019858429947552283
0.652111111111,0.707582667174,0.744131456083,0.761377613776,512,941,367,0.08761813518014025,0.0007904496070803962
0.647555555556,0.709433334699,0.708210890007,0.733597826092,128,538,1398,0.01716433521692411,0.0007300480357866096
0.630444444444,0.690825711249,0.696099443007,0.704511096041,256,725,1030,0.08499909146022738,0.0014139435528413005
0.522666666667,0.47496346071,0,0,64,293,1489,0.043798083504233955,0.003490297737542003
0.640888888889,0.702286709318,0.696410767697,0.731835072969,256,824,1053,0.0007345644638470872,0.000879367812701707
0.522666666667,0.5,0,0,32,904,646,0.019258672484400607,0.0028309604305210376
0.642,0.711700747571,0.701214147426,0.725854052188,256,556,66,0.02694411940635183,0.0011586652441950905
0.577777777778,0.699387479474,0.610908514354,0.683894213233,512,207,605,0.06346558862684475,0.0030371217207742916
0.522666666667,0.5,0,0,64,983,880,0.08576191885813401,0.0015620425678451305
0.640666666667,0.711289754787,0.68958611482,0.744536388878,512,487,875,0.041023012164010914,0.0005671102686570263
0.522666666667,0.520258782197,0,0,512,266,1049,0.08739395311310538,0.003007386909900152
0.477333333333,0.507910380167,0.477333333333,0.507910380167,32,875,134,0.08032914921243306,0.0034483607179252728
0.605222222222,0.708711950941,0.666862745098,0.662902657235,512,176,62,0.016599042580284617,0.002833963583310602
0.653,0.712276214169,0.71816571534,0.76394233436,256,356,1094,0.0895974497277632,0.00037784284089707526
0.647888888889,0.700609348575,0.75365408039,0.779079999581,128,512,940,0.093713699084175,0.00140916735473167
0.522666666667,0.5,0,0,32,811,1348,0.08934136618170085,0.0011565083752349378
0.522666666667,0.524985706428,0,0,64,485,906,0.07119740762707698,0.0017601841644851854
0.628111111111,0.705377839712,0.686336560074,0.735928602807,128,117,482,0.0361213541159922,0.0014063341029244855
0.617444444444,0.686017459387,0.679231200095,0.72466440498,32,107,1241,0.0662097212130376,0.0023364360656590675
0.522666666667,0.5,0,0,32,860,252,0.04139284311407471,0.002132323029568692
0.522666666667,0.526246198113,0,0,128,683,1035,0.09262494909965413,0.001830268844326145
0.608666666667,0.703557493761,0.654185800239,0.716832493686,64,576,94,0.025341527129488853,0.0017626715845711091
0.522666666667,0.5,0,0,32,853,59,0.07702876869417058,0.0025050898328310336
0.522666666667,0.499777344888,0,0,512,461,691,0.057580053617160634,0.003130767374912313
0.522666666667,0.5,0,0,32,611,1302,0.039509688323721884,0.002922230223193764
0.648555555556,0.710481068155,0.708771929825,0.741294503435,256,489,582,0.08097295839931579,0.0002559370464347757
0.522666666667,0.500530918257,0,0,64,803,757,0.07923297738470915,0.0017624396195338142
0.639666666667,0.706151169732,0.691243489583,0.740686883811,64,218,1197,0.08523084996835399,0.0006658923114973203
0.522666666667,0.5,0,0,32,451,590,0.09791656158610162,0.0019225821898657292
0.639777777778,0.699887729766,0.706916537959,0.748086463882,64,549,320,0.0619055752131839,0.0013296737549195645
0.522666666667,0.511442206363,0,0,512,783,365,0.07035967237221262,0.002110064774575954
0.639111111111,0.709572113733,0.703583648494,0.746727036888,256,370,1359,0.007635622303938716,0.002469913618765159
0.659444444444,0.710406581743,0.713859125189,0.751569997518,512,69,567,0.08131124697150183,0.0013492270319962274
0.522666666667,0.532556809095,0,0,128,498,532,0.06742730806758467,0.002064546531264951
0.522666666667,0.5,0,0,32,835,1202,0.0644216502557649,0.0019036621674884333
0.597222222222,0.703942890733,0.643286949981,0.692167753569,512,622,952,0.017176581313239292,0.002404006377792037
0.522666666667,0.5,0,0,32,766,65,0.08596788830561718,0.002765787436160969
0.641888888889,0.708201049129,0.700600983471,0.746024344926,256,191,440,0.003276021829766707,0.0007510163153273172
0.640444444444,0.707547434273,0.687837132386,0.712297746541,64,219,234,0.01478171042661186,0.002123046916190828
0.634,0.713604227335,0.67501546073,0.715624272309,32,473,655,0.012185005806171479,0.0002645429910476582
0.522666666667,0.5,0,0,32,407,577,0.03954620210141322,0.0026240954783493717
0.635333333333,0.709559359125,0.705309000489,0.750269060226,256,446,103,0.08809711889405075,0.00134353316603873
0.626,0.691595948493,0.707757467684,0.738308380754,32,61,701,0.02219418458217025,0.003067892452479634
0.522666666667,0.5,0,0,128,355,381,0.0872063962691586,0.00278642066410359
0.647333333333,0.709934933441,0.721083172101,0.764547459356,128,80,850,0.012262117286863007,0.0031679903954801945
0.522666666667,0.5,0,0,32,715,699,0.07907023978987619,0.0013757310389590051
0.635,0.71236505106,0.685188312785,0.714325892809,32,613,1104,0.003515168835179239,0.0016494411142727275
0.522666666667,0.528267463148,0,0,512,684,1086,0.003665016337411209,0.0033324863227181074
0.649333333333,0.707237414432,0.726183343546,0.75261940332,512,393,444,0.025853064354211676,0.0025740083655933607
0.645888888889,0.7052648668,0.692646134731,0.736215023369,512,280,753,0.046465880855614906,0.0028210568582077143
0.616333333333,0.682210005016,0.647326329023,0.6903675461,32,125,140,0.05629138306351131,0.0023559954127211537
0.602222222222,0.643268148012,0.616631799163,0.650870267788,128,404,794,0.0004325842842040073,0.00048021400546582096
0.640444444444,0.70928125673,0.717571111475,0.737023231826,512,126,467,0.034535218466696695,0.00147741549107392
0.522666666667,0.529920638385,0,0,512,929,368,0.07508657910568263,0.002856466338978416
0.592777777778,0.700068731374,0.645672125355,0.692043450181,512,116,1247,0.09520144510068,0.003398846714694411
0.624777777778,0.692292552932,0.682287681759,0.721004854765,64,116,676,0.04724702711183493,0.0027711372870098516
0.650111111111,0.708046447455,0.726523888072,0.757950495212,512,936,907,0.04987273392153855,0.0008834759976640678
0.522666666667,0.500116387337,0,0,64,898,856,0.002153437862413732,0.003127840644220938
0.650888888889,0.711958833522,0.720866715352,0.759388917621,32,407,298,0.024626216202822505,8.461384538562203e-05
0.650888888889,0.712036128173,0.712262522021,0.753889016056,512,663,468,0.0318026897774396,0.00032038262205034496
0.648666666667,0.703342620073,0.705175763852,0.740694214843,64,55,315,0.02216464817986106,0.002448267060004115
0.651777777778,0.712622035983,0.709935897436,0.756482582882,256,769,562,0.054722120145017664,0.0002765277461332196
0.522666666667,0.5,0,0,128,724,131,0.0686222085143279,0.002237840205253915
0.641777777778,0.70105152891,0.703890759446,0.747652448604,128,103,1465,0.08324648958096159,0.0017920685611160017
0.641555555556,0.706182357283,0.716656164483,0.759983439938,32,330,566,0.042689877771035833,0.0008875790799746846
0.652222222222,0.709492740736,0.715909090998,0.747430521761,256,81,784,0.05014919097947454,0.0015404811588117238
0.522666666667,0.5,0,0,32,769,757,0.07205783303086083,0.0028213478883359336
0.522666666667,0.5,0,0,64,860,593,0.028557065378535862,0.003018094668532158
0.557222222222,0.702620320853,0.764892772278,0.59412038431,512,775,539,0.07436722100145855,0.0014019406454797074
0.522666666667,0.5,0,0,256,930,351,0.08670606266370952,0.0028206114105874605
0.522666666667,0.5,0,0,64,986,476,0.06469310543369863,0.0023637615653471777
0.522666666667,0.515000803627,0,0,128,459,889,0.047861681003571355,0.0032653412271053004
0.522666666667,0.5,0,0,128,845,1348,0.0047053654124353805,0.002790962842267169
0.651888888889,0.705432383906,0.715771558245,0.753498694461,128,293,249,0.023597194952737988,0.002497777276098282
0.655777777778,0.711376067973,0.716304722551,0.754044770245,32,642,89,0.022835841064361807,0.00047431039403202666
0.649555555556,0.705153576357,0.703574397221,0.743139640822,128,365,1331,0.06259692968058876,0.0012330905506474361
0.522666666667,0.500116387337,0,0,32,979,813,0.08881573588338018,0.0019854040837548447
0.656,0.713466722525,0.730391173664,0.77015965967,256,969,718,0.01351745358933172,0.0010644755499267522
0.522666666667,0.5,0,0,256,708,888,0.017668854449822923,0.002938211909926798
0.522666666667,0.5,0,0,32,324,680,0.06491708828907981,0.0023052115711712983
0.522666666667,0.5,0,0,64,797,421,0.05006309559074094,0.003188480744235269
0.626111111111,0.7030326992,0.694104308336,0.715200934057,512,112,1368,0.05796850660761785,0.0025343929840345478
0.639888888889,0.706208225259,0.71071952999,0.752447260024,32,979,261,0.061830957282488046,0.0006267257547455772
0.639666666667,0.698342517145,0.698358901199,0.728137614519,128,68,1422,0.08549180953775336,0.002491149770716503
0.637111111111,0.703663241949,0.687614176105,0.736324509017,64,69,1202,0.04998275498493109,0.0014636063398152182
0.657333333333,0.713444862786,0.724182285924,0.761256434625,256,343,771,0.039743552787958575,0.0004125956211614979
0.522666666667,0.5,0,0,32,542,737,0.03164443492934155,0.003441175465328179
0.624666666667,0.710709203665,0.703286159758,0.729405975835,256,406,654,0.06399048936313628,0.0015063579339503264
0.646111111111,0.705405649952,0.716101694915,0.747506692694,512,601,620,0.06724117164597512,0.0012045183101031481
0.522666666667,0.5,0,0,32,286,1340,0.05419764861746488,0.0034360152041802146
0.522666666667,0.5,0,0,64,587,515,0.02783630901195986,0.0029829539341226204
0.623333333333,0.705390829371,0.672874633599,0.722864967703,128,456,530,0.03823681165586293,0.001433692080382079
0.640777777778,0.704311091872,0.704778157245,0.748696635845,32,498,853,0.04821756831292954,0.0011841016357844053
0.651444444444,0.713418091719,0.702993609349,0.738023796564,128,833,1058,0.09097205651828218,0.0002583394383082497
0.656444444444,0.713525064646,0.732117812109,0.765920708468,64,469,1039,0.011546188508207456,0.00075864682925233
0.522666666667,0.466258732019,0,0,256,691,1363,0.09308826691441674,0.0018840940432773502
0.654,0.709590831211,0.709378893031,0.755307192364,512,809,1263,0.06693231049258756,0.0004663059496444765
0.642111111111,0.699337438362,0.729285401244,0.76539721755,32,87,338,0.020662420934006134,0.0018875086831450334
0.642,0.700675051503,0.703744493392,0.743042896785,64,463,1257,0.05356608968174379,0.0014206110526280113
0.522666666667,0.5,0,0,32,787,371,0.040376106056132816,0.0016498181040104324
0.522666666667,0.520414633352,0,0,256,416,894,0.07246222380434096,0.002883580312692425
0.522666666667,0.5,0,0,64,377,978,0.04016432138195968,0.002964544119001485
0.640111111111,0.709769123548,0.701238390175,0.734289747789,128,575,529,0.0676609213973253,0.0005968493301329197
0.647777777778,0.712225517389,0.71928771511,0.742135883662,512,680,1482,0.08530171863605845,0.0002576016194443272
0.645555555556,0.709043211966,0.704934541813,0.741982805925,64,608,501,0.006095746092003473,0.001935672979256264
0.639444444444,0.709568909617,0.725767170053,0.757960962211,512,416,640,0.08162090465785479,0.0014226273538320603
0.644,0.696821762195,0.719367588985,0.757242102839,32,202,576,0.03542795691843414,0.0022536298031814316
0.647555555556,0.711387696809,0.716231773106,0.758481915079,512,193,273,0.04674953961032267,0.0012647057523073372
0.522666666667,0.5,0,0,256,815,125,0.08730599608232059,0.002056721095036066
0.597111111111,0.698492925016,0.633404973939,0.670616228609,64,118,816,0.05125544418681488,0.001997568735190818
0.522666666667,0.5,0,0,32,970,1084,0.09323048046244019,0.0028631798976961843
0.522666666667,0.5,0,0,32,594,173,0.01389423678075108,0.002492746292586666
0.647333333333,0.711104819168,0.706531411379,0.732021985492,256,108,534,0.05634360423673759,6.24882595524459e-05
0.522666666667,0.5,0,0,256,972,487,0.08285283398642128,0.0033228416480861416
0.645777777778,0.711183895259,0.700619295958,0.732316683139,32,700,1115,0.09673611872375809,0.0002940941702893158
0.655333333333,0.707843128377,0.718403971118,0.758371382802,256,628,988,0.039545961710043244,0.0019226539917734258
0.635777777778,0.711360183476,0.705211405909,0.714836532069,512,387,722,0.02014504168007826,0.0012221625550981612
0.658666666667,0.71449998179,0.712992999829,0.756670865076,32,822,432,0.0012969396154128843,0.001180736143390585
0.522666666667,0.5,0,0,64,635,1264,0.01723623119203237,0.002038066979851074
0.649888888889,0.705349373804,0.723076923077,0.761983313233,64,437,172,0.03303573994726222,0.0018832188442560287
0.646666666667,0.705214862801,0.700115913319,0.746845461525,64,778,1451,0.013181606346341058,0.0020774753457374648
0.522666666667,0.5,0,0,32,660,1322,0.08431956469883788,0.0025944080125156243
0.522666666667,0.508192329976,0,0,128,863,1361,0.07869061984626059,0.002022617668073532
0.655,0.708483233988,0.704835840236,0.742422593052,512,929,668,0.05834342903049357,0.0011972515009382148
0.644555555556,0.712756472759,0.724144711206,0.74419775599,256,141,868,0.014481818483753996,0.001162192512207225
0.522666666667,0.5,0,0,128,412,1472,0.08459163205512155,0.002729321429808471
0.654888888889,0.71230033782,0.724105984851,0.754237849784,128,482,543,0.08151682943811142,0.00039924082876178693
0.650555555556,0.708755670419,0.723289777186,0.759015948937,64,742,896,0.09673626734552175,0.0005892860622928255
0.625111111111,0.705106491939,0.681690140845,0.700033754781,128,411,1235,0.04353408415613991,0.00190489000074971
0.647444444444,0.703671246053,0.71199261997,0.746609115856,64,358,1089,0.030151011377268267,0.0016540006000450797
0.522666666667,0.5,0,0,32,603,1258,0.04801541330462031,0.0030836670337369017
0.522666666667,0.5,0,0,64,657,1134,0.03200042153917067,0.002205012999909907
0.522666666667,0.5,0,0,64,415,76,0.05282040042666656,0.0027482939822414945
0.638,0.711715506297,0.719145940901,0.715857369079,512,624,1211,0.03035938865383453,0.0006258088119439509
0.522666666667,0.5,0,0,64,923,1193,0.07514208121714433,0.003446000715170374
0.621666666667,0.704130807788,0.670607826851,0.700051324406,64,220,1495,0.07421719223724764,0.0009675591181324786
0.646333333333,0.710536441212,0.6994068388,0.736322287465,256,406,1492,0.01684785772098494,0.0011792976216580579
0.649888888889,0.706359894982,0.715381589487,0.756565429043,32,101,318,0.09393248893521683,0.0005916388283181313
0.522666666667,0.533796121451,0,0,512,576,1373,0.05959657410510643,0.0023885824006226477
0.522666666667,0.503082433509,0,0,128,496,796,0.028596783518918246,0.00256261725690621
0.626333333333,0.702369100864,0.676928459065,0.732739291993,64,247,1400,0.03496686539624183,0.002047056743609673
0.65,0.706818640224,0.721333853354,0.757863737918,512,709,1213,0.02519065190639247,2.1324315311974784e-05
0.522666666667,0.5,0,0,32,308,1139,0.0482834075131203,0.0024269500404217994
0.522666666667,0.5,0,0,64,827,1007,0.06841855357645715,0.0027593881978401585
0.522666666667,0.5,0,0,32,504,723,0.0751600514419862,0.0022316144765391174
0.646777777778,0.701876297976,0.723852831749,0.756894800949,32,395,829,0.024114440276695973,0.001759798893771933
0.522666666667,0.5,0,0,32,423,850,0.09993915467895874,0.0025063375638666343
0.522666666667,0.532666342841,0,0,256,560,502,0.0915413360934172,0.001989476053188281
0.522666666667,0.501635633013,0,0,512,423,1422,0.08245660153935572,0.00242742070709546
0.636555555556,0.699383904225,0.710958619262,0.74705800144,32,149,85,0.0275220802587993,0.0021909669005179557
0.648666666667,0.712767730463,0.715833182896,0.745222176651,32,156,199,0.003153018212171055,0.0007780927176389987
0.634333333333,0.713517406934,0.69229387449,0.718289545031,128,366,1346,0.04205755790022077,0.0005179124403191747
0.656,0.712785520109,0.719160583942,0.757697945986,512,551,929,0.015881372061769483,0.0007355922091216471
0.522666666667,0.5374926194,0,0,256,640,954,0.08285381447990837,0.001832521591921337
0.522666666667,0.5,0,0,64,799,827,0.014037397448063184,0.00271801209362925
0.477333333333,0.51388497962,0,0,512,464,450,0.050491288821180626,0.0027669320676346368
0.522666666667,0.5,0,0,32,946,644,0.07210588002620401,0.0014038398736179354
0.522666666667,0.503936781882,0,0,64,482,834,0.04142567513921486,0.0018753577476875393
0.522666666667,0.5,0,0,64,986,884,0.06315970182749074,0.0028422145160229267
0.602222222222,0.640498208565,0.615423707204,0.64961857373,32,111,1484,3.748036128041754e-05,0.00034616168747435494
0.522666666667,0.5,0,0,32,891,1255,0.053420761081513196,0.0014082937811510973
0.649555555556,0.698935352772,0.706701318021,0.743079068975,64,67,109,0.05481262298848715,0.0024630675270978825
0.522666666667,0.499883612663,0,0,64,634,1233,0.09525283303295609,0.002306043626115238
0.522666666667,0.5,0,0,32,846,1466,0.051120853190875094,0.0020139745298443606
0.633666666667,0.702189658015,0.707342295772,0.717251438619,512,166,282,0.08608664992295587,0.0026079221377554944
0.646222222222,0.708183370823,0.714174907895,0.75875895622,32,741,298,0.022680370543466166,0.0012269566929867326
0.655333333333,0.714901535422,0.712270564242,0.750921368821,32,97,816,0.01044619507387219,0.0006543539087376441
0.633888888889,0.709048296489,0.695716124156,0.712246342185,512,220,168,0.03353402269077225,0.0025023218805075155
0.522666666667,0.532088278311,0,0,64,569,1258,0.06877221744157683,0.0017183091575407883
0.652555555556,0.713991108839,0.715574374255,0.759562332614,128,78,462,0.023685387732875096,0.000197071924375687
0.657333333333,0.712160816521,0.725380612858,0.763664993427,512,161,469,0.019782249913185092,0.0010721431674195368
0.640111111111,0.708789344561,0.702991045914,0.71053737247,512,986,920,0.013915441022770937,0.0013880120242492668
0.522666666667,0.501056108692,0,0,512,472,909,0.08526958760395288,0.0033503017200424345
0.522666666667,0.534683574896,0,0,512,403,107,0.09848204734019961,0.0021412011020754905
0.522666666667,0.5,0,0,32,577,452,0.07869158222728351,0.0019157960779956039
0.522666666667,0.5,0,0,32,226,1104,0.061088290727557996,0.0026074150294742313
0.654777777778,0.714316790496,0.717007515939,0.759887886309,32,293,155,0.0014309707479888802,0.0009907974204118551
0.654222222222,0.71475402239,0.701934204001,0.741716884,128,590,825,0.015750750362507292,0.00012096455725077854
0.641333333333,0.71251860119,0.706752182497,0.754834167674,128,910,1183,0.03918792389163585,0.00020167410527798462
0.644333333333,0.709538315879,0.70152963678,0.750558659095,128,338,430,0.03661442533118815,0.0005001685029173735
0.647444444444,0.706998417093,0.70427088676,0.732389570264,512,316,311,0.07305229101744223,0.0011639137380313731
0.652,0.711467614135,0.708111816175,0.743039515035,256,662,1167,0.09099690918079595,0.000780010277463996
0.636777777778,0.71407703852,0.682521583475,0.709053673428,128,756,1202,0.07470697645750433,8.84364245257034e-05
0.639222222222,0.694159377118,0.712892956626,0.746636990056,32,370,1382,0.04889855729897196,0.0014303863617447334
0.62,0.705507847634,0.680625241634,0.683060694333,256,307,1015,0.09492762437051061,0.0021031279671512
0.522666666667,0.5,0,0,32,851,382,0.03780424757186895,0.0017349387933924627
0.522666666667,0.536881684849,0,0,128,447,130,0.08372680274297134,0.0017067959785375677
0.522666666667,0.5,0,0,64,759,1333,0.0608810102722091,0.0034231320159559533
0.651333333333,0.707988426982,0.710801393903,0.741203270846,64,252,599,0.09174621747491685,0.0007350112463271605
0.650444444444,0.711340983524,0.709647666658,0.740629360542,32,341,624,0.01636169792503436,0.0009608964949813895
0.636222222222,0.704996228298,0.720745285271,0.754958034581,512,434,429,0.015199548755922998,0.002444578216177535
0.651,0.708229725346,0.707813057438,0.752254086772,512,933,413,0.06487941833667939,0.0006143144073556866
0.522666666667,0.5,0,0,128,862,786,0.027463462901877178,0.00232908507766473
0.625444444444,0.702695895921,0.696428571429,0.695656897523,512,974,71,0.07110996040250381,0.0012181124294013022
0.646666666667,0.705911182705,0.711935730727,0.757380187363,32,646,575,0.07541788771684708,0.0005526615197427543
0.522666666667,0.5,0,0,64,929,852,0.09363864871520855,0.0027944929755082393
0.652444444444,0.709612839404,0.720563058813,0.75860653267,512,367,1361,0.05842584396615631,5.6101379163926016e-05
0.645222222222,0.713587637685,0.707675753228,0.731661034264,64,559,559,0.06345620273299452,0.00035267629673690025
0.628111111111,0.709350955524,0.707626159778,0.675316880414,256,866,1152,0.05503524172880106,0.0014627318688394645
0.633333333333,0.691741073903,0.696671551233,0.737627663549,64,54,1430,0.08623726412739174,0.002007474259320139
0.654444444444,0.713599786109,0.720972755597,0.762817644768,256,584,217,0.018150683622208164,7.093774435952553e-05
0.627111111111,0.709896978897,0.677789364169,0.735099757514,512,242,1477,0.06333292432534475,0.0005613451238522712
0.613555555556,0.698289506969,0.66341866227,0.715577580446,512,189,522,0.06351340060972815,0.002310130243193849
0.648222222222,0.711219276613,0.715488545122,0.7621503478,32,265,221,0.02410603394702271,0.00015621320568813505
0.642444444444,0.70543770348,0.70497396301,0.745669846339,128,534,264,0.056718937320576514,0.0009888268584526793
0.522666666667,0.5,0,0,64,837,1208,0.0020691958656474554,0.0023202362175419014
0.522666666667,0.532635476939,0,0,32,472,159,0.09769703167982728,0.001308587028841351
0.655666666667,0.712354263458,0.740900280004,0.770175042174,32,591,909,0.03594846218899305,0.0006908131514291895
0.654666666667,0.711737229954,0.725179312903,0.756880339887,128,675,169,0.08690764784384525,8.575966044695323e-05
0.639444444444,0.691320493514,0.734891676441,0.76803962105,64,153,762,0.030552661183097487,0.0032911504714607884
0.647333333333,0.702752901964,0.730751708428,0.766185697863,32,428,1437,0.0448177608845968,0.0011512587545721225
0.522666666667,0.498897759465,0,0,64,990,776,0.07987539094537828,0.0011723897512537955
0.657,0.713188236625,0.72371134043,0.759697062834,256,585,1413,0.06574994114263973,7.887932122642972e-05
0.522666666667,0.5,0,0,128,483,720,0.021605867090310028,0.0031615781097084476
0.614777777778,0.704635561161,0.655952381115,0.67533925645,256,436,438,0.08229849610266589,0.001615225787531483
0.522666666667,0.5,0,0,32,400,854,0.07099349473307302,0.003123595812080008
0.638,0.712722254288,0.689737470167,0.740269584487,512,477,803,0.017912089713364155,0.00026269074509965965
0.522666666667,0.501195357828,0.522666666667,0.501195357828,32,779,1093,0.021570747859572338,0.0030613007369411083
0.522666666667,0.5,0,0,64,570,563,0.036962225209152336,0.002474164011388018
0.649222222222,0.709046799586,0.712746530314,0.758168590144,64,641,282,0.018869368819108147,0.0016543828659072429
0.631,0.709588653897,0.697692762992,0.701399566756,512,409,556,0.05385184968185639,0.0010939165792620868
0.631888888889,0.711585374664,0.675245295187,0.712454287946,256,102,396,0.0601546052895517,0.0009080102721601135
0.522666666667,0.5,0,0,32,129,772,0.08148665102242489,0.0026110898635402094
0.522666666667,0.5,0,0,32,460,1187,0.01652477160650694,0.002812795802249397
0.522666666667,0.5,0,0,32,485,1098,0.03219656166783964,0.0017813392357837125
0.648888888889,0.707683367953,0.697329860485,0.73014704807,32,529,681,0.05446596822378694,0.0007794924722423174
0.656222222222,0.712172729893,0.713666666667,0.748896912462,512,222,639,0.03697263515350315,0.0004445964618999271
0.652666666667,0.713524087329,0.715458515253,0.760000153913,128,338,359,0.006012480588642977,7.368948561715188e-05
0.649111111111,0.711743662927,0.719890318504,0.758695118573,128,781,1416,0.05964945395859609,0.0005996896703474589
0.655666666667,0.711332484577,0.715515627813,0.760031878201,32,753,771,0.033671439354434264,7.072596156044517e-06
0.635555555556,0.709756777187,0.69467687385,0.742418680557,512,212,160,0.018107459860523877,0.0025195496913887304
0.630222222222,0.699750460007,0.719227877019,0.704626639401,512,217,422,0.05749053462873435,0.003077487782063325
0.522666666667,0.5,0,0,32,156,87,0.09042558181217217,0.0023687717910134084
0.635222222222,0.71162480137,0.692631964809,0.745442234857,512,796,1280,0.04256139777410455,0.00017400530414151332
0.590666666667,0.706401969104,0.623374682418,0.664168874478,512,598,902,0.040723053788683954,0.0018700665686989975
0.590333333333,0.695691686678,0.635026737922,0.682276888733,128,254,174,0.08095128618299491,0.0022822422194686076
0.522666666667,0.5,0,0,128,556,1194,0.08388446633808343,0.0028008439607956595
0.522666666667,0.5,0,0,128,448,135,0.09205272064211795,0.0030205694398171513
0.642,0.707453908734,0.721837633619,0.762441155329,64,789,692,0.019736286733816933,0.0014782975298256139
0.631666666667,0.709274675303,0.746468670815,0.650258504638,512,552,1457,0.048617911453533315,0.0014115600891095401
0.647,0.711352290713,0.708155270655,0.751104500613,256,763,716,0.04233324161147112,0.0002961925333696101
0.522666666667,0.528102395521,0,0,256,568,315,0.08602904982991641,0.002878047723611675
0.522666666667,0.570418161591,0,0,512,662,1429,0.028323250300116655,0.0027265011977550342
0.636222222222,0.707156408449,0.705549042898,0.749768291555,64,123,632,0.05025927409491169,0.0011357634349716806
0.522666666667,0.5,0,0,512,317,63,0.08568922075017754,0.003021905346030213
0.522666666667,0.5,0,0,64,715,1406,0.016600624057923532,0.003373403176375303
0.658333333333,0.710137003038,0.721714285714,0.760015080728,256,736,680,0.03709619706200862,0.0005174675686079975
0.477333333333,0.5,0,0,32,699,632,0.06993662291484005,0.003482818497120019
0.646222222222,0.705064046685,0.70355524573,0.74954989389,64,461,222,0.0613375520770093,0.000991126506552609
